City Name,Program Name,State (full),Program Short Name,Call Volume,Calls per 1000 residents,Call Volume Data Year,Budget size,Call Categories,Responder Type,Operating Agency,Dispatch method,Launch Year,Website,Evaluation link(s),Dashboard link,Pink or Gray (for site),City Population,Hours of Operation,Budget source(s),Combined City + Program Name,Latitude,Longitude
"Albany County, NY",Albany County Crisis Officials Responding and Diverting (ACCORD),New York,ACCORD,480.0,2.0,2022.0,,Mental Health,"EMT/Paramedic/Nurse,Clinician/Social Worker",County Health Department,,2021,,http://www.albanycounty.com/legislature/accord2022,,Gray,316976,,,"Albany County, NY - Albany County Crisis Officials Responding and Diverting (ACCORD)",42.60767893,-73.97802785
"Albany County, NY",Albany County Crisis Officials Responding and Diverting (ACCORD),New York,ACCORD,480.0,2.0,2022.0,,Substance Use,"EMT/Paramedic/Nurse,Clinician/Social Worker",County Health Department,,2021,,http://www.albanycounty.com/legislature/accord2022,,Gray,316976,,,"Albany County, NY - Albany County Crisis Officials Responding and Diverting (ACCORD)",42.60767893,-73.97802785
"Albuquerque, NM",Albuquerque Community Safety - Behavioral Health Responders (BHR),New Mexico,ACS - BHR,29755.0,31.0,2024.0,$5907000,Mental Health,Clinician/Social Worker,New City Community Safety Department,9-1-1 center-led,2021,https://www.cabq.gov/acs/our-response,Q4 Report ,https://www.cabq.gov/acs/transparency,Pink,955000,Monday through Friday from 8 AM to 5 PM,,"Albuquerque, NM - Albuquerque Community Safety - Behavioral Health Responders (BHR)",35.09309273,-106.6446132
"Albuquerque, NM",Albuquerque Community Safety - Behavioral Health Responders (BHR),New Mexico,ACS - BHR,29755.0,31.0,2024.0,$5907000,Suspicious Person,Clinician/Social Worker,New City Community Safety Department,9-1-1 center-led,2021,https://www.cabq.gov/acs/our-response,Q4 Report ,https://www.cabq.gov/acs/transparency,Pink,955000,Monday through Friday from 8 AM to 5 PM,,"Albuquerque, NM - Albuquerque Community Safety - Behavioral Health Responders (BHR)",35.09309273,-106.6446132
"Albuquerque, NM",Albuquerque Community Safety - Behavioral Health Responders (BHR),New Mexico,ACS - BHR,29755.0,31.0,2024.0,$5907000,Service Connection,Clinician/Social Worker,New City Community Safety Department,9-1-1 center-led,2021,https://www.cabq.gov/acs/our-response,Q4 Report ,https://www.cabq.gov/acs/transparency,Pink,955000,Monday through Friday from 8 AM to 5 PM,,"Albuquerque, NM - Albuquerque Community Safety - Behavioral Health Responders (BHR)",35.09309273,-106.6446132
"Albuquerque, NM",Albuquerque Community Safety - Community Responders (CR),New Mexico ,ACS - CR,1620.0,2.0,2024.0,$1823000,Mental Health,Trained Civilian,New City Community Safety Department,9-1-1 center-led,2021,https://www.cabq.gov/acs/our-response,Q4 Report ,https://www.cabq.gov/acs/transparency,Pink,955000,,,"Albuquerque, NM - Albuquerque Community Safety - Community Responders (CR)",35.09309273,-106.910663
"Albuquerque, NM",Albuquerque Community Safety - Community Responders (CR),New Mexico ,ACS - CR,1620.0,2.0,2024.0,$1823000,Service Connection,Trained Civilian,New City Community Safety Department,9-1-1 center-led,2021,https://www.cabq.gov/acs/our-response,Q4 Report ,https://www.cabq.gov/acs/transparency,Pink,955000,,,"Albuquerque, NM - Albuquerque Community Safety - Community Responders (CR)",35.09309273,-106.910663
"Allegheny County, PA",A Team,Pennsylvania ,A Team,,,,$3000000,Mental Health,"Trained Civilian,Clinician/Social Worker",Contracted Agency - Social Service Provider,9-1-1 center-led,2024,https://www.rhd.org/program/a-team/,,,Gray,1225000,,,"Allegheny County, PA - A Team",40.46870973,-79.96966865
"Allegheny County, PA",A Team,Pennsylvania ,A Team,,,,$3000000,Service Connection,"Trained Civilian,Clinician/Social Worker",Contracted Agency - Social Service Provider,9-1-1 center-led,2024,https://www.rhd.org/program/a-team/,,,Gray,1225000,,,"Allegheny County, PA - A Team",40.46870973,-79.96966865
"Allegheny County, PA",A Team,Pennsylvania ,A Team,,,,$3000000,Conflict Resolution,"Trained Civilian,Clinician/Social Worker",Contracted Agency - Social Service Provider,9-1-1 center-led,2024,https://www.rhd.org/program/a-team/,,,Gray,1225000,,,"Allegheny County, PA - A Team",40.46870973,-79.96966865
"Allegheny County, PA",A Team,Pennsylvania ,A Team,,,,$3000000,Suspicious Person,"Trained Civilian,Clinician/Social Worker",Contracted Agency - Social Service Provider,9-1-1 center-led,2024,https://www.rhd.org/program/a-team/,,,Gray,1225000,,,"Allegheny County, PA - A Team",40.46870973,-79.96966865
"Ames, IA",Alternative Response for Community Health (ARCH),Iowa,ARCH,480.0,7.0,,$300000,Mental Health,"EMT/Paramedic/Nurse,Clinician/Social Worker",Contracted Agency - Social Service Provider,9-1-1 center-led,2022,"https://www.mgmc.org/about/arch/#:~:text=A%20collaboration%20between%20Mary%20Greeley,an%20EMS%20or%20Police%20response.",,,Gray,66950,,,"Ames, IA - Alternative Response for Community Health (ARCH)",42.03574603,-93.61067295
"Amherst, MA","Community Responders for Equity, Safety & Service (CRESS)",Massachusetts,CRESS,,,,,,,,9-1-1 center-led,2022,https://www.amherstma.gov/3655/Community-Responders-for-Equity-Safety-S,,,Gray,40059,,,"Amherst, MA - Community Responders for Equity, Safety & Service (CRESS)",42.38218413,-72.51350425
"Anchorage, AK",Mobile Crisis Team (MCT),Alaska,MCT,3569.0,12.0,2024.0,$1396640,Mental Health,"Clinician/Social Worker,EMT/Paramedic/Nurse",City Fire/EMS Department,9-1-1 center-led,2021,https://www.muni.org/Departments/Fire/Pages/Mobile-Crisis-Team.aspx,,,Pink,291131,,Alcohol Tax,"Anchorage, AK - Mobile Crisis Team (MCT)",61.22530223,-149.8884802
"Anchorage, AK",Mobile Crisis Team (MCT),Alaska,MCT,3569.0,12.0,2024.0,$1396640,Service Connection,"Clinician/Social Worker,EMT/Paramedic/Nurse",City Fire/EMS Department,9-1-1 center-led,2021,https://www.muni.org/Departments/Fire/Pages/Mobile-Crisis-Team.aspx,,,Pink,291131,,Alcohol Tax,"Anchorage, AK - Mobile Crisis Team (MCT)",61.22530223,-149.8884802
"Anchorage, AK",Mobile Crisis Team (MCT),Alaska,MCT,3569.0,12.0,2024.0,$1396640,Substance Use,"Clinician/Social Worker,EMT/Paramedic/Nurse",City Fire/EMS Department,9-1-1 center-led,2021,https://www.muni.org/Departments/Fire/Pages/Mobile-Crisis-Team.aspx,,,Pink,291131,,Alcohol Tax,"Anchorage, AK - Mobile Crisis Team (MCT)",61.22530223,-149.8884802
"Antioch, CA",Angelo Quinto Crisis Response Team (AQCRT),California,AQCRT,6414.0,55.0,2023.0,$1000000,Mental Health,Trained Civilian,Contracted Agency - Social Service Provider,9-1-1 center-led,2023,https://felton.org/social-services/justice-services/angelo-quinto-community-response-team-aqcrt/,Oversight Report - See page 51,,Pink,117096,24/7,,"Antioch, CA - Angelo Quinto Crisis Response Team (AQCRT)",38.01391073,-121.7994172
"Antioch, CA",Angelo Quinto Crisis Response Team (AQCRT),California,AQCRT,6414.0,55.0,2023.0,$1000000,Suspicious Person,Trained Civilian,Contracted Agency - Social Service Provider,9-1-1 center-led,2023,https://felton.org/social-services/justice-services/angelo-quinto-community-response-team-aqcrt/,Oversight Report - See page 51,,Pink,117096,24/7,,"Antioch, CA - Angelo Quinto Crisis Response Team (AQCRT)",38.01391073,-121.7994172
"Antioch, CA",Angelo Quinto Crisis Response Team (AQCRT),California,AQCRT,6414.0,55.0,2023.0,$1000000,Conflict Resolution,Trained Civilian,Contracted Agency - Social Service Provider,9-1-1 center-led,2023,https://felton.org/social-services/justice-services/angelo-quinto-community-response-team-aqcrt/,Oversight Report - See page 51,,Pink,117096,24/7,,"Antioch, CA - Angelo Quinto Crisis Response Team (AQCRT)",38.01391073,-121.7994172
"Antioch, CA",Angelo Quinto Crisis Response Team (AQCRT),California,AQCRT,6414.0,55.0,2023.0,$1000000,Service Connection,Trained Civilian,Contracted Agency - Social Service Provider,9-1-1 center-led,2023,https://felton.org/social-services/justice-services/angelo-quinto-community-response-team-aqcrt/,Oversight Report - See page 51,,Pink,117096,24/7,,"Antioch, CA - Angelo Quinto Crisis Response Team (AQCRT)",38.01391073,-121.7994172
"Antioch, CA",Angelo Quinto Crisis Response Team (AQCRT),California,AQCRT,6414.0,55.0,2023.0,$1000000,Substance Use,Trained Civilian,Contracted Agency - Social Service Provider,9-1-1 center-led,2023,https://felton.org/social-services/justice-services/angelo-quinto-community-response-team-aqcrt/,Oversight Report - See page 51,,Pink,117096,24/7,,"Antioch, CA - Angelo Quinto Crisis Response Team (AQCRT)",38.01391073,-121.7994172
"Arlington County, VA",Mobile Outreach Support Team (MOST) ,Virginia,MOST,495.0,2.0,,,,"Clinician/Social Worker,Peer Support Specialist",City Health Department,9-1-1 center-led,2023,https://www.arlingtonva.us/Government/Departments/DHS/Behavioral-Healthcare-Home/Mobile-Outreach-Support-Team-MOST,,,Gray,235764,,,"Arlington County, VA - Mobile Outreach Support Team (MOST) ",38.88592193,-77.08293755
"Asheville, NC",AFD Community Responders ,North Carolina,AFD CRs,665.0,7.0,2024.0,,Mental Health,EMT/Paramedic/Nurse,,,2023,https://www.arcgis.com/apps/dashboards/9ad73f2e3a834b3fb0a8dcd1f817c4ee,,https://www.arcgis.com/apps/dashboards/9ad73f2e3a834b3fb0a8dcd1f817c4ee,Gray,93392,,,"Asheville, NC - AFD Community Responders ",35.60435233,-82.54446885
"Athens-Clarke County, GA",Alternative Response Team,Georgia,ART,95.0,1.0,2023.0,$276800,Mental Health,,Contracted Agency - Social Service Provider,9-1-1 center-led,2021,,,,Gray,128711,Monday-Friday from 10 a.m. to 6 p.m,ARPA funds,"Athens-Clarke County, GA - Alternative Response Team",33.95485863,-83.34940975
"Atlanta, GA",Policing Alternatives & Diversion (PAD),Georgia,PAD,1800.0,4.0,2024.0,,Service Connection,Trained Civilian,Contracted Agency - Social Service Provider,External hotline-led,2021,https://www.atlantapad.org/,,,Gray,499127,Monday through Friday from 7 AM to 7 PM,,"Atlanta, GA - Policing Alternatives & Diversion (PAD)",33.75798173,-84.38389255
"Atlanta, GA",Policing Alternatives & Diversion (PAD),Georgia,PAD,1800.0,4.0,2024.0,,Conflict Resolution,Trained Civilian,Contracted Agency - Social Service Provider,External hotline-led,2021,https://www.atlantapad.org/,,,Gray,499127,Monday through Friday from 7 AM to 7 PM,,"Atlanta, GA - Policing Alternatives & Diversion (PAD)",33.75798173,-84.38389255
"Atlanta, GA",Policing Alternatives & Diversion (PAD),Georgia,PAD,1800.0,4.0,2024.0,,Mental Health,Trained Civilian,Contracted Agency - Social Service Provider,External hotline-led,2021,https://www.atlantapad.org/,,,Gray,499127,Monday through Friday from 7 AM to 7 PM,,"Atlanta, GA - Policing Alternatives & Diversion (PAD)",33.75798173,-84.38389255
"Atlanta, GA",Policing Alternatives & Diversion (PAD),Georgia,PAD,1800.0,4.0,2024.0,,Substance Use,Trained Civilian,Contracted Agency - Social Service Provider,External hotline-led,2021,https://www.atlantapad.org/,,,Gray,499127,Monday through Friday from 7 AM to 7 PM,,"Atlanta, GA - Policing Alternatives & Diversion (PAD)",33.75798173,-84.38389255
"Aurora, CO",Aurora Mobile Response Team (AMRT),Colorado,AMRT,436.0,3.0,2023.0,,Mental Health,"Clinician/Social Worker,EMT/Paramedic/Nurse",City Human/Community Services Department,9-1-1 center-led,2021,https://www.auroragov.org/residents/neighborhood_resources/aurora_mobile_response_team,,,Gray,129687,"8 a.m. to 6 p.m., Monday through Saturday",,"Aurora, CO - Aurora Mobile Response Team (AMRT)",41.76615943,-88.30838205
"Austin, TX",Expanded Mobile Crisis Outreach Team (EMCOT),Texas,EMCOT,4579.0,5.0,,$3100000,Mental Health,Clinician/Social Worker,Contracted Agency - Social Service Provider,Embedded professional-led,2019,https://integralcare.org/program/expanded-mobile-crisis-outreach-team-emcot/,,,Pink,974447,,General fund,"Austin, TX - Expanded Mobile Crisis Outreach Team (EMCOT)",30.28011793,-97.73732765
"Baltimore, MD",Behavioral Health 911 Diversion Program,Maryland,BH 911 Diversion,700.0,1.0,,,Mental Health,Clinician/Social Worker,Contracted Agency - Social Service Provider,Embedded professional-led,2021,https://consentdecree.baltimorecity.gov/behavioral-health-and-consent-decree/9-1-1-diversion,,,Gray,569931,,,"Baltimore, MD - Behavioral Health 911 Diversion Program",39.29987093,-76.60438715
"Bangor, ME",Bangor Community Action Team (BCAT) ,Maine,BCAT,928.0,29.0,2023.0,$800000,Mental Health,Trained Civilian,City Police Department,9-1-1 center-led,2023,https://bangormaine.gov/509/Homelessness-Response#tabcf16ff2b-509a-4ba1-9cd1-94c4642947b3_0,,,Pink,31495,24/7,State/federal grants,"Bangor, ME - Bangor Community Action Team (BCAT) ",44.81061483,-68.76495705
"Bangor, ME",Bangor Community Action Team (BCAT) ,Maine,BCAT,928.0,29.0,2023.0,$800000,Service Connection,Trained Civilian,City Police Department,9-1-1 center-led,2023,https://bangormaine.gov/509/Homelessness-Response#tabcf16ff2b-509a-4ba1-9cd1-94c4642947b3_0,,,Pink,31495,24/7,State/federal grants,"Bangor, ME - Bangor Community Action Team (BCAT) ",44.81061483,-68.76495705
"Bellingham, WA",Alternative Response Team (ART) ,Washington,ART,1480.0,16.0,2023.0,,Mental Health,"EMT/Paramedic/Nurse,Trained Civilian",City Health Department,9-1-1 center-led,2023,https://www.whatcomcounty.us/3934/ART-Program,,,Gray,93602,,State/federal grants,"Bellingham, WA - Alternative Response Team (ART) ",48.76339053,-122.4724642
"Bellingham, WA",Alternative Response Team (ART) ,Washington,ART,1480.0,16.0,2023.0,,Service Connection,"EMT/Paramedic/Nurse,Trained Civilian",City Health Department,9-1-1 center-led,2023,https://www.whatcomcounty.us/3934/ART-Program,,,Gray,93602,,State/federal grants,"Bellingham, WA - Alternative Response Team (ART) ",48.76339053,-122.4724642
"Bellingham, WA",Alternative Response Team (ART) ,Washington,ART,1480.0,16.0,2023.0,,Conflict Resolution,"EMT/Paramedic/Nurse,Trained Civilian",City Health Department,9-1-1 center-led,2023,https://www.whatcomcounty.us/3934/ART-Program,,,Gray,93602,,State/federal grants,"Bellingham, WA - Alternative Response Team (ART) ",48.76339053,-122.4724642
"Bellingham, WA",Alternative Response Team (ART) ,Washington,ART,1480.0,16.0,2023.0,,Substance Use,"EMT/Paramedic/Nurse,Trained Civilian",City Health Department,9-1-1 center-led,2023,https://www.whatcomcounty.us/3934/ART-Program,,,Gray,93602,,State/federal grants,"Bellingham, WA - Alternative Response Team (ART) ",48.76339053,-122.4724642
"Boulder, CO",Community Assistance Response and Engagement (CARE),Colorado,CARE,,,,,Mental Health,"EMT/Paramedic/Nurse,Clinician/Social Worker",City Human/Community Services Department,,2023,"https://bouldercolorado.gov/services/community-assistance-response-and-engagement#:~:text=Colorado%20Crisis%20Services%20and%20Mental,3180%20Airport%20Road%20in%20Boulder.",,,Gray,105485,,,"Boulder, CO - Community Assistance Response and Engagement (CARE)",40.02397493,-105.2641732
"Boulder, CO",Community Assistance Response and Engagement (CARE),Colorado,CARE,,,,,Service Connection,"EMT/Paramedic/Nurse,Clinician/Social Worker",City Human/Community Services Department,,2023,"https://bouldercolorado.gov/services/community-assistance-response-and-engagement#:~:text=Colorado%20Crisis%20Services%20and%20Mental,3180%20Airport%20Road%20in%20Boulder.",,,Gray,105485,,,"Boulder, CO - Community Assistance Response and Engagement (CARE)",40.02397493,-105.2641732
"Boulder, CO",Community Assistance Response and Engagement (CARE),Colorado,CARE,,,,,Substance Use,"EMT/Paramedic/Nurse,Clinician/Social Worker",City Human/Community Services Department,,2023,"https://bouldercolorado.gov/services/community-assistance-response-and-engagement#:~:text=Colorado%20Crisis%20Services%20and%20Mental,3180%20Airport%20Road%20in%20Boulder.",,,Gray,105485,,,"Boulder, CO - Community Assistance Response and Engagement (CARE)",40.02397493,-105.2641732
"Cambridge, MA",Community Assistance Response and Engagement Team (CARE) ,Massachusetts,CARE,400.0,3.0,,,Mental Health,"Clinician/Social Worker,EMT/Paramedic/Nurse",New City Community Safety Department,9-1-1 center-led,2024,https://www.cambridgema.gov/Departments/communitysafety,,,Gray,118488,"Mon: 8:30AM - 8PM
Tue - Thu: 8:30AM - 5PM
Fri: 8:30AM - 12PM",,"Cambridge, MA - Community Assistance Response and Engagement Team (CARE) ",42.37462403,-71.09762995
"Chapel Hill, NC",Crisis Assistance Response and Engagement (CARE) Team,North Carolina,CARE,1300.0,20.0,2025.0,$580000,Mental Health,"EMT/Paramedic/Nurse,Clinician/Social Worker,Peer Support Specialist",City Police Department,Embedded professional-led,2024,https://www.townofchapelhill.org/government/departments-services/police/specialty-units/crisis-unit,,,Gray,64028,"Monday through Friday, 8:00 a.m.–4:30 p.m.",,"Chapel Hill, NC - Crisis Assistance Response and Engagement (CARE) Team",35.9132,-79.0558
"Charlotte, NC","Community Assistance: Respond, Engage, Support (CARES)",North Carolina,CARES,1460.0,2.0,,,Mental Health,Clinician/Social Worker,Contracted Agency - Social Service Provider,,2022,,,,Gray,885663,,,"Charlotte, NC - Community Assistance: Respond, Engage, Support (CARES)",35.23619793,-80.83671085
"Charlotte, NC","Community Assistance: Respond, Engage, Support (CARES)",North Carolina,CARES,1460.0,2.0,,,Service Connection,Clinician/Social Worker,Contracted Agency - Social Service Provider,,2022,,,,Gray,885663,,,"Charlotte, NC - Community Assistance: Respond, Engage, Support (CARES)",35.23619793,-80.83671085
"Charlotte, NC","Community Assistance: Respond, Engage, Support (CARES)",North Carolina,CARES,1460.0,2.0,,,Substance Use,Clinician/Social Worker,Contracted Agency - Social Service Provider,,2022,,,,Gray,885663,,,"Charlotte, NC - Community Assistance: Respond, Engage, Support (CARES)",35.23619793,-80.83671085
"Chicago, IL",Crisis Assistance Response and Engagement (CARE),Illinois,CARE,315.0,,,,Mental Health,"EMT/Paramedic/Nurse,Trained Civilian",City Health Department,,2022,https://www.chicago.gov/city/en/depts/cdph/supp_info/behavioral-health/care-home.html,,,Gray,2756546,"Monday-Friday, 10:30 a.m. - 4:00 p.m",,"Chicago, IL - Crisis Assistance Response and Engagement (CARE)",41.88455093,-87.61804935
"Cincinnati, OH",Alternative Response to Crisis Team (ARC),Ohio,ARC,1332.0,4.0,2024.0,$615000,Mental Health,"EMT/Paramedic/Nurse,Clinician/Social Worker,Trained Civilian",City Emergency Communications Department,9-1-1 center-led,2022,https://www.cincinnati-oh.gov/ecc/arc/ ,,https://insights.cincinnati-oh.gov/stories/s/Alternative-Response-to-Crisis/kv37-3fpq/,Gray,311791,,,"Cincinnati, OH - Alternative Response to Crisis Team (ARC)",39.11044303,-84.50608835
"Cincinnati, OH",Alternative Response to Crisis Team (ARC),Ohio,ARC,1332.0,4.0,2024.0,$615000,Service Connection,"EMT/Paramedic/Nurse,Clinician/Social Worker,Trained Civilian",City Emergency Communications Department,9-1-1 center-led,2022,https://www.cincinnati-oh.gov/ecc/arc/ ,,https://insights.cincinnati-oh.gov/stories/s/Alternative-Response-to-Crisis/kv37-3fpq/,Gray,311791,,,"Cincinnati, OH - Alternative Response to Crisis Team (ARC)",39.11044303,-84.50608835
"Cincinnati, OH",Alternative Response to Crisis Team (ARC),Ohio,ARC,1332.0,4.0,2024.0,$615000,Substance Use,"EMT/Paramedic/Nurse,Clinician/Social Worker,Trained Civilian",City Emergency Communications Department,9-1-1 center-led,2022,https://www.cincinnati-oh.gov/ecc/arc/ ,,https://insights.cincinnati-oh.gov/stories/s/Alternative-Response-to-Crisis/kv37-3fpq/,Gray,311791,,,"Cincinnati, OH - Alternative Response to Crisis Team (ARC)",39.11044303,-84.50608835
"Colorado Springs, CO",Alternate Response Team (ART) ,Colorado,ART,228.0,,,,Mental Health,"EMT/Paramedic/Nurse,Trained Civilian",City Fire/EMS Department,9-1-1 center-led,2022,https://coloradosprings.gov/fire-department/page/community-and-public-health-cares,,,Gray,491467,,,"Colorado Springs, CO - Alternate Response Team (ART) ",38.84294713,-104.8189762
"Colorado Springs, CO",Alternate Response Team (ART) ,Colorado,ART,228.0,,,,Service Connection,"EMT/Paramedic/Nurse,Trained Civilian",City Fire/EMS Department,9-1-1 center-led,2022,https://coloradosprings.gov/fire-department/page/community-and-public-health-cares,,,Gray,491467,,,"Colorado Springs, CO - Alternate Response Team (ART) ",38.84294713,-104.8189762
"Colorado Springs, CO",Community Response Team (CRT) ,Colorado,CRT,228.0,,,,Mental Health,"Clinician/Social Worker,EMT/Paramedic/Nurse",City Fire/EMS Department,9-1-1 center-led,2014,https://coloradosprings.gov/fire-department/page/community-and-public-health-cares,,,Gray,491467,,,"Colorado Springs, CO - Community Response Team (CRT) ",38.952074,-104.736309
"Colorado Springs, CO",Community Response Team (CRT) ,Colorado,CRT,228.0,,,,Service Connection,"Clinician/Social Worker,EMT/Paramedic/Nurse",City Fire/EMS Department,9-1-1 center-led,2014,https://coloradosprings.gov/fire-department/page/community-and-public-health-cares,,,Gray,491467,,,"Colorado Springs, CO - Community Response Team (CRT) ",38.952074,-104.736309
"Contra Costa County, CA",A3 (Mobile Crisis Response Team),California,A3,1303.0,1.0,2023.0,,Mental Health,Trained Civilian,County Health Department,External hotline-led,2022,https://www.cchealth.org/get-care/a3-crisis-response ,,https://www.cchealth.org/get-care/a3-crisis-response/a3-dashboard,Gray,1155000,,,"Contra Costa County, CA - A3 (Mobile Crisis Response Team)",37.91246993,-121.9111627
"Cookville, TN",Cookville Community Response (CCR),Tennessee,CCR,,,,,Mental Health,,City Fire/EMS Department,9-1-1 center-led,2024,https://namitn.org/cookeville-community-response/,,,Gray,37229,"Monday through Friday
From 3 PM to 11 PM",,"Cookville, TN - Cookville Community Response (CCR)",36.17137793,-85.49333385
"Cookville, TN",Cookville Community Response (CCR),Tennessee,CCR,,,,,Service Connection,,City Fire/EMS Department,9-1-1 center-led,2024,https://namitn.org/cookeville-community-response/,,,Gray,37229,"Monday through Friday
From 3 PM to 11 PM",,"Cookville, TN - Cookville Community Response (CCR)",36.17137793,-85.49333385
"Cookville, TN",Cookville Community Response (CCR),Tennessee,CCR,,,,,Substance Use,,City Fire/EMS Department,9-1-1 center-led,2024,https://namitn.org/cookeville-community-response/,,,Gray,37229,"Monday through Friday
From 3 PM to 11 PM",,"Cookville, TN - Cookville Community Response (CCR)",36.17137793,-85.49333385
"Dayton, OH",Mediation Response Unit (MRU),Ohio,MRU,2393.0,18.0,2024.0,$1200000,Conflict Resolution,Trained Civilian,City Mediation Center,9-1-1 center-led,2021,https://www.daytonmediationcenter.org/copy-of-mediation-response-unit-mru,,,Gray,135944,"11 a.m. to 8 p.m., Monday through Friday",,"Dayton, OH - Mediation Response Unit (MRU)",39.76793713,-84.18523505
"Dayton, OH",Mediation Response Unit (MRU),Ohio,MRU,2393.0,18.0,2024.0,$1200000,Service Connection,Trained Civilian,City Mediation Center,9-1-1 center-led,2021,https://www.daytonmediationcenter.org/copy-of-mediation-response-unit-mru,,,Gray,135944,"11 a.m. to 8 p.m., Monday through Friday",,"Dayton, OH - Mediation Response Unit (MRU)",39.76793713,-84.18523505
"Denver, CO",Support Team Assisted Response (STAR),Colorado,STAR,7657.0,11.0,2023.0,$6200000,Mental Health,"Clinician/Social Worker,EMT/Paramedic/Nurse",City Health Department,9-1-1 center-led,2020,https://www.denvergov.org/Government/Agencies-Departments-Offices/Agencies-Departments-Offices-Directory/Public-Health-Environment/Community-Behavioral-Health/Behavioral-Health-Strategies/Support-Team-Assisted-Response-STAR-Program,"2024 - Program Evaluation here
2022 Mid-Year Report here",,Pink,715252,,,"Denver, CO - Support Team Assisted Response (STAR)",39.74822573,-104.9784902
"Denver, CO",Support Team Assisted Response (STAR),Colorado,STAR,7657.0,11.0,2023.0,$6200000,Service Connection,"Clinician/Social Worker,EMT/Paramedic/Nurse",City Health Department,9-1-1 center-led,2020,https://www.denvergov.org/Government/Agencies-Departments-Offices/Agencies-Departments-Offices-Directory/Public-Health-Environment/Community-Behavioral-Health/Behavioral-Health-Strategies/Support-Team-Assisted-Response-STAR-Program,"2024 - Program Evaluation here
2022 Mid-Year Report here",,Pink,715252,,,"Denver, CO - Support Team Assisted Response (STAR)",39.74822573,-104.9784902
"Denver, CO",Support Team Assisted Response (STAR),Colorado,STAR,7657.0,11.0,2023.0,$6200000,Substance Use,"Clinician/Social Worker,EMT/Paramedic/Nurse",City Health Department,9-1-1 center-led,2020,https://www.denvergov.org/Government/Agencies-Departments-Offices/Agencies-Departments-Offices-Directory/Public-Health-Environment/Community-Behavioral-Health/Behavioral-Health-Strategies/Support-Team-Assisted-Response-STAR-Program,"2024 - Program Evaluation here
2022 Mid-Year Report here",,Pink,715252,,,"Denver, CO - Support Team Assisted Response (STAR)",39.74822573,-104.9784902
"Des Moines, IA",Crisis Advocacy Response Effort (CARE),Iowa,CARE,690.0,3.0,,,Mental Health,Clinician/Social Worker,City Police Department,,2022,,,,Gray,216237,,,"Des Moines, IA - Crisis Advocacy Response Effort (CARE)",41.59585473,-93.61857755
"Des Moines, IA",Crisis Advocacy Response Effort (CARE),Iowa,CARE,690.0,3.0,,,Service Connection,Clinician/Social Worker,City Police Department,,2022,,,,Gray,216237,,,"Des Moines, IA - Crisis Advocacy Response Effort (CARE)",41.59585473,-93.61857755
"Des Moines, IA",Crisis Advocacy Response Effort (CARE),Iowa,CARE,690.0,3.0,,,Conflict Resolution,Clinician/Social Worker,City Police Department,,2022,,,,Gray,216237,,,"Des Moines, IA - Crisis Advocacy Response Effort (CARE)",41.59585473,-93.61857755
"Des Moines, IA",Crisis Advocacy Response Effort (CARE),Iowa,CARE,690.0,3.0,,,Suspicious Person,Clinician/Social Worker,City Police Department,,2022,,,,Gray,216237,,,"Des Moines, IA - Crisis Advocacy Response Effort (CARE)",41.59585473,-93.61857755
"Deschutes County, OR",Community Crisis Response Team (CCRT),Oregon,CCRT,1939.0,9.0,2023.0,,Mental Health,"Clinician/Social Worker,Trained Civilian",,,2023,https://www.deschutes.org/health/page/crisis-services,,,Gray,210409,,,"Deschutes County, OR - Community Crisis Response Team (CCRT)",43.82847313,-121.1605944
"Deschutes County, OR",Community Crisis Response Team (CCRT),Oregon,CCRT,1939.0,9.0,2023.0,,Service Connection,"Clinician/Social Worker,Trained Civilian",,,2023,https://www.deschutes.org/health/page/crisis-services,,,Gray,210409,,,"Deschutes County, OR - Community Crisis Response Team (CCRT)",43.82847313,-121.1605944
"Durham, NC",HEART - Community Response Teams (CRT),North Carolina,HEART - CRT,8062.0,28.0,,$2000000,Mental Health,"Clinician/Social Worker,EMT/Paramedic/Nurse",New City Community Safety Department,9-1-1 center-led,2022,https://www.durhamnc.gov/4576/Community-Safety,,https://app.powerbigov.us/view?r=eyJrIjoiMWQ1YzViMGYtYmI1MC00NWM3LTg1NWUtMjdjNzk3NWNlYzU0IiwidCI6IjI5N2RlZjgyLTk0MzktNDM4OC1hODA4LTM1NDhhNGVjZjQ3ZCJ9&pageName=ReportSection7606ef27f6ee056e6f9f,Pink,291928,,,"Durham, NC - HEART - Community Response Teams (CRT)",36.00564233,-78.89543345
"Durham, NC",HEART - Community Response Teams (CRT),North Carolina,HEART - CRT,8062.0,28.0,,$2000000,Service Connection,"Clinician/Social Worker,EMT/Paramedic/Nurse",New City Community Safety Department,9-1-1 center-led,2022,https://www.durhamnc.gov/4576/Community-Safety,,https://app.powerbigov.us/view?r=eyJrIjoiMWQ1YzViMGYtYmI1MC00NWM3LTg1NWUtMjdjNzk3NWNlYzU0IiwidCI6IjI5N2RlZjgyLTk0MzktNDM4OC1hODA4LTM1NDhhNGVjZjQ3ZCJ9&pageName=ReportSection7606ef27f6ee056e6f9f,Pink,291928,,,"Durham, NC - HEART - Community Response Teams (CRT)",36.00564233,-78.89543345
"Durham, NC",HEART - Community Response Teams (CRT),North Carolina,HEART - CRT,8062.0,28.0,,$2000000,Conflict Resolution,"Clinician/Social Worker,EMT/Paramedic/Nurse",New City Community Safety Department,9-1-1 center-led,2022,https://www.durhamnc.gov/4576/Community-Safety,,https://app.powerbigov.us/view?r=eyJrIjoiMWQ1YzViMGYtYmI1MC00NWM3LTg1NWUtMjdjNzk3NWNlYzU0IiwidCI6IjI5N2RlZjgyLTk0MzktNDM4OC1hODA4LTM1NDhhNGVjZjQ3ZCJ9&pageName=ReportSection7606ef27f6ee056e6f9f,Pink,291928,,,"Durham, NC - HEART - Community Response Teams (CRT)",36.00564233,-78.89543345
"Durham, NC",HEART - Community Response Teams (CRT),North Carolina,HEART - CRT,8062.0,28.0,,$2000000,Suspicious Person,"Clinician/Social Worker,EMT/Paramedic/Nurse",New City Community Safety Department,9-1-1 center-led,2022,https://www.durhamnc.gov/4576/Community-Safety,,https://app.powerbigov.us/view?r=eyJrIjoiMWQ1YzViMGYtYmI1MC00NWM3LTg1NWUtMjdjNzk3NWNlYzU0IiwidCI6IjI5N2RlZjgyLTk0MzktNDM4OC1hODA4LTM1NDhhNGVjZjQ3ZCJ9&pageName=ReportSection7606ef27f6ee056e6f9f,Pink,291928,,,"Durham, NC - HEART - Community Response Teams (CRT)",36.00564233,-78.89543345
"Durham, NC",HEART - Community Response Teams (CRT),North Carolina,HEART - CRT,8062.0,28.0,,$2000000,Substance Use,"Clinician/Social Worker,EMT/Paramedic/Nurse",New City Community Safety Department,9-1-1 center-led,2022,https://www.durhamnc.gov/4576/Community-Safety,,https://app.powerbigov.us/view?r=eyJrIjoiMWQ1YzViMGYtYmI1MC00NWM3LTg1NWUtMjdjNzk3NWNlYzU0IiwidCI6IjI5N2RlZjgyLTk0MzktNDM4OC1hODA4LTM1NDhhNGVjZjQ3ZCJ9&pageName=ReportSection7606ef27f6ee056e6f9f,Pink,291928,,,"Durham, NC - HEART - Community Response Teams (CRT)",36.00564233,-78.89543345
"Englewood, CO",Mobile Response Unit (MRU),Colorado,MRU,444.0,13.0,,$377000,Mental Health,"EMT/Paramedic/Nurse,Trained Civilian",Contracted Agency - Social Service Provider,9-1-1 center-led,2022,https://www.allhealthfoundation.org/news-updates/allhealth-network-mobile-response-unit/,,,Gray,34339,,,"Englewood, CO - Mobile Response Unit (MRU)",39.65719523,-104.9815923
"Englewood, CO",Mobile Response Unit (MRU),Colorado,MRU,444.0,13.0,,$377000,Medical,"EMT/Paramedic/Nurse,Trained Civilian",Contracted Agency - Social Service Provider,9-1-1 center-led,2022,https://www.allhealthfoundation.org/news-updates/allhealth-network-mobile-response-unit/,,,Gray,34339,,,"Englewood, CO - Mobile Response Unit (MRU)",39.65719523,-104.9815923
"Englewood, CO",Mobile Response Unit (MRU),Colorado,MRU,444.0,13.0,,$377000,Service Connection,"EMT/Paramedic/Nurse,Trained Civilian",Contracted Agency - Social Service Provider,9-1-1 center-led,2022,https://www.allhealthfoundation.org/news-updates/allhealth-network-mobile-response-unit/,,,Gray,34339,,,"Englewood, CO - Mobile Response Unit (MRU)",39.65719523,-104.9815923
"Englewood, CO",Mobile Response Unit (MRU),Colorado,MRU,444.0,13.0,,$377000,Substance Use,"EMT/Paramedic/Nurse,Trained Civilian",Contracted Agency - Social Service Provider,9-1-1 center-led,2022,https://www.allhealthfoundation.org/news-updates/allhealth-network-mobile-response-unit/,,,Gray,34339,,,"Englewood, CO - Mobile Response Unit (MRU)",39.65719523,-104.9815923
"Eureka, CA",Crisis Alternative Response of Eureka (CARE),California,CARE,500.0,19.0,,$1800000,Mental Health,Clinician/Social Worker,Contracted Agency - Social Service Provider,9-1-1 center-led,2023,https://www.eurekaca.gov/768/Crisis-Alternative-Response-Eureka,,,Gray,26441,,,"Eureka, CA - Crisis Alternative Response of Eureka (CARE)",40.79967643,-124.1610028
"Eureka, CA",Crisis Alternative Response of Eureka (CARE),California,CARE,500.0,19.0,,$1800000,Substance Use,Clinician/Social Worker,Contracted Agency - Social Service Provider,9-1-1 center-led,2023,https://www.eurekaca.gov/768/Crisis-Alternative-Response-Eureka,,,Gray,26441,,,"Eureka, CA - Crisis Alternative Response of Eureka (CARE)",40.79967643,-124.1610028
"Evanston, IL",Crisis Alternative Response Evanston (CARE),Illinois,CARE,1816.0,24.0,,$400000,Mental Health,Trained Civilian,City Human/Community Services Department,9-1-1 center-led,2024,https://www.cityofevanston.org/government/departments/parks-and-recreation-department/careteam,,,Pink,75070,seven days a week from 11 a.m. to 8 p.m. ,,"Evanston, IL - Crisis Alternative Response Evanston (CARE)",42.05599363,-87.67823345
"Evanston, IL",Crisis Alternative Response Evanston (CARE),Illinois,CARE,1816.0,24.0,,$400000,Service Connection,Trained Civilian,City Human/Community Services Department,9-1-1 center-led,2024,https://www.cityofevanston.org/government/departments/parks-and-recreation-department/careteam,,,Pink,75070,seven days a week from 11 a.m. to 8 p.m. ,,"Evanston, IL - Crisis Alternative Response Evanston (CARE)",42.05599363,-87.67823345
"Evanston, IL",Crisis Alternative Response Evanston (CARE),Illinois,CARE,1816.0,24.0,,$400000,Conflict Resolution,Trained Civilian,City Human/Community Services Department,9-1-1 center-led,2024,https://www.cityofevanston.org/government/departments/parks-and-recreation-department/careteam,,,Pink,75070,seven days a week from 11 a.m. to 8 p.m. ,,"Evanston, IL - Crisis Alternative Response Evanston (CARE)",42.05599363,-87.67823345
"Fairbanks, AK",Mobile Crisis Team (MCT),Alaska,MCT,638.0,20.0,2024.0,$638327,Mental Health,"Peer Support Specialist,Clinician/Social Worker",Contracted Agency - Social Service Provider,9-1-1 center-led,2021,https://www.fairbanksalaska.us/crisis/page/mobile-crisis-team-call-911-access-mobile-crisis-team,,https://www.fairbanksalaska.us/crisis/page/mobile-crisis-team-call-911-access-mobile-crisis-team,Gray,32711,24/7,,"Fairbanks, AK - Mobile Crisis Team (MCT)",64.84683433,-147.7103032
"Flagstaff, AZ",Community Alliance Response and Engagement (CARE),Arizona,CARE,1301.0,16.0,2023.0,$2500000,Mental Health,"Clinician/Social Worker,EMT/Paramedic/Nurse",City Fire/EMS Department,9-1-1 center-led,2021,https://www.flagstaff.az.gov/4959/CARE-Program,,,Gray,79023,10-hour workday from 9:00 a.m. to 7:00 p.m.,,"Flagstaff, AZ - Community Alliance Response and Engagement (CARE)",35.20774153,-111.6454502
"Flagstaff, AZ",Community Alliance Response and Engagement (CARE),Arizona,CARE,1301.0,16.0,2023.0,$2500000,Service Connection,"Clinician/Social Worker,EMT/Paramedic/Nurse",City Fire/EMS Department,9-1-1 center-led,2021,https://www.flagstaff.az.gov/4959/CARE-Program,,,Gray,79023,10-hour workday from 9:00 a.m. to 7:00 p.m.,,"Flagstaff, AZ - Community Alliance Response and Engagement (CARE)",35.20774153,-111.6454502
"Flagstaff, AZ",Community Alliance Response and Engagement (CARE),Arizona,CARE,1301.0,16.0,2023.0,$2500000,Substance Use,"Clinician/Social Worker,EMT/Paramedic/Nurse",City Fire/EMS Department,9-1-1 center-led,2021,https://www.flagstaff.az.gov/4959/CARE-Program,,,Gray,79023,10-hour workday from 9:00 a.m. to 7:00 p.m.,,"Flagstaff, AZ - Community Alliance Response and Engagement (CARE)",35.20774153,-111.6454502
"Gallatin County, MT",Mobile Crisis Team (MCT),Montana,MCT,240.0,2.0,2024.0,$2500000,Mental Health,Clinician/Social Worker,Contracted Agency - Social Service Provider,,2022,https://www.gallatinmt.gov/gallatin-behavioral-health-coalition/pages/someone-respond-mobile-crisis-services,,https://www.gallatinmt.gov/gallatin-behavioral-health-coalition/pages/data-dashboard,Gray,126409,,,"Gallatin County, MT - Mobile Crisis Team (MCT)",45.49583843,-111.1903975
"Gallatin County, MT",Mobile Crisis Team (MCT),Montana,MCT,240.0,2.0,2024.0,$2500000,Substance Use,Clinician/Social Worker,Contracted Agency - Social Service Provider,,2022,https://www.gallatinmt.gov/gallatin-behavioral-health-coalition/pages/someone-respond-mobile-crisis-services,,https://www.gallatinmt.gov/gallatin-behavioral-health-coalition/pages/data-dashboard,Gray,126409,,,"Gallatin County, MT - Mobile Crisis Team (MCT)",45.49583843,-111.1903975
"Half Moon Bay, CA",Crisis Assistance Response and Evaluation Services (CARES),California,CARES,216.0,,,$350000,Service Connection,"EMT/Paramedic/Nurse,Trained Civilian",Contracted Agency - Social Service Provider,9-1-1 center-led,2022,https://www.half-moon-bay.ca.us/844/CARES---Crisis-Assistance-Response-Evalu,,,Gray,726353,"seven days per week, from 8:00 a.m. to 6:30 p.m. ",,"Half Moon Bay, CA - Crisis Assistance Response and Evaluation Services (CARES)",37.47254123,-122.4222142
"Half Moon Bay, CA",Crisis Assistance Response and Evaluation Services (CARES),California,CARES,216.0,,,$350000,Conflict Resolution,"EMT/Paramedic/Nurse,Trained Civilian",Contracted Agency - Social Service Provider,9-1-1 center-led,2022,https://www.half-moon-bay.ca.us/844/CARES---Crisis-Assistance-Response-Evalu,,,Gray,726353,"seven days per week, from 8:00 a.m. to 6:30 p.m. ",,"Half Moon Bay, CA - Crisis Assistance Response and Evaluation Services (CARES)",37.47254123,-122.4222142
"Harris County, TX",Holistic Assistance Response Teams (HART),Texas,HART,3437.0,1.0,2024.0,$5000000,Mental Health,"Clinician/Social Worker,EMT/Paramedic/Nurse",City Health Department,9-1-1 center-led,2022,https://publichealth.harriscountytx.gov/Divisions-Offices/Divisions/Community-Health-and-Violence-Prevention-Services,,Dashboard located on website,Pink,4858883,,,"Harris County, TX - Holistic Assistance Response Teams (HART)",29.82096623,-95.36775285
"Harris County, TX",Holistic Assistance Response Teams (HART),Texas,HART,3437.0,1.0,2024.0,$5000000,Service Connection,"Clinician/Social Worker,EMT/Paramedic/Nurse",City Health Department,9-1-1 center-led,2022,https://publichealth.harriscountytx.gov/Divisions-Offices/Divisions/Community-Health-and-Violence-Prevention-Services,,Dashboard located on website,Pink,4858883,,,"Harris County, TX - Holistic Assistance Response Teams (HART)",29.82096623,-95.36775285
"Harris County, TX",Holistic Assistance Response Teams (HART),Texas,HART,3437.0,1.0,2024.0,$5000000,Conflict Resolution,"Clinician/Social Worker,EMT/Paramedic/Nurse",City Health Department,9-1-1 center-led,2022,https://publichealth.harriscountytx.gov/Divisions-Offices/Divisions/Community-Health-and-Violence-Prevention-Services,,Dashboard located on website,Pink,4858883,,,"Harris County, TX - Holistic Assistance Response Teams (HART)",29.82096623,-95.36775285
"Harris County, TX",Holistic Assistance Response Teams (HART),Texas,HART,3437.0,1.0,2024.0,$5000000,Suspicious Person,"Clinician/Social Worker,EMT/Paramedic/Nurse",City Health Department,9-1-1 center-led,2022,https://publichealth.harriscountytx.gov/Divisions-Offices/Divisions/Community-Health-and-Violence-Prevention-Services,,Dashboard located on website,Pink,4858883,,,"Harris County, TX - Holistic Assistance Response Teams (HART)",29.82096623,-95.36775285
"Harris County, TX",Holistic Assistance Response Teams (HART),Texas,HART,3437.0,1.0,2024.0,$5000000,Medical,"Clinician/Social Worker,EMT/Paramedic/Nurse",City Health Department,9-1-1 center-led,2022,https://publichealth.harriscountytx.gov/Divisions-Offices/Divisions/Community-Health-and-Violence-Prevention-Services,,Dashboard located on website,Pink,4858883,,,"Harris County, TX - Holistic Assistance Response Teams (HART)",29.82096623,-95.36775285
"Hartford, CT",Hartford Emergency Assistance Response Team (HEARTeam),Connecticut,HEARTeam,2156.0,18.0,,$1600000,Mental Health,Clinician/Social Worker,Contracted Agency - Social Service Provider,9-1-1 center-led,2022,https://www.hartfordct.gov/Government/Departments/MayorLukeBronin/Mayor-Initiatives/HEARTeam,,https://daytonohio.maps.arcgis.com/apps/dashboards/6294099c8f68450a8e3fd041df155587,Gray,121054,Monday through Thursday from 8 AM to 6 PM and Friday from 8 AM to 5 PM,,"Hartford, CT - Hartford Emergency Assistance Response Team (HEARTeam)",41.77357133,-72.68448285
"Hayward, CA",Mobile Integrated Health Unit (MIHU),California,MIHU,418.0,2.0,2021.0,,Mental Health,EMT/Paramedic/Nurse,,9-1-1 center-led,2021,https://www.hayward-ca.gov/services/city-services/HEART-program,,,Gray,179847,,,"Hayward, CA - Mobile Integrated Health Unit (MIHU)",37.67780983,-122.0744242
"Hayward, CA",Mobile Integrated Health Unit (MIHU),California,MIHU,418.0,2.0,2021.0,,Medical,EMT/Paramedic/Nurse,,9-1-1 center-led,2021,https://www.hayward-ca.gov/services/city-services/HEART-program,,,Gray,179847,,,"Hayward, CA - Mobile Integrated Health Unit (MIHU)",37.67780983,-122.0744242
"Hennepin County, MN",Alternative Response Team,Minnesota,ART,53.0,,2024.0,,Mental Health,"Clinician/Social Worker,EMT/Paramedic/Nurse",Contracted Agency - Social Service Provider,9-1-1 center-led,2022,https://www.canopyrootsmn.com/crisis-response,,,Gray,114000,,,"Hennepin County, MN - Alternative Response Team",45.03471253,-93.48013335
"Hennepin County, MN",Alternative Response Team,Minnesota,ART,53.0,,2024.0,,Service Connection,"Clinician/Social Worker,EMT/Paramedic/Nurse",Contracted Agency - Social Service Provider,9-1-1 center-led,2022,https://www.canopyrootsmn.com/crisis-response,,,Gray,114000,,,"Hennepin County, MN - Alternative Response Team",45.03471253,-93.48013335
"Houston, TX",Mobile Crisis Outreach Team Rapid Response (MCOT-RR),Texas,MCOT-RR,1156.0,,2023.0,,Mental Health,"Clinician/Social Worker,EMT/Paramedic/Nurse",Contracted Agency - Social Service Provider,9-1-1 center-led,2023,https://www.houstoncit.org/mcot/,,,Gray,2345606,"available 24 hours per day, every day of the year through a combination of on-duty and on-call coverage",,"Houston, TX - Mobile Crisis Outreach Team Rapid Response (MCOT-RR)",29.76792753,-95.36132555
"Indianapolis, IN",Clinician-Led Community Response (CLCR),Indiana,CLCR,925.0,1.0,,$2000000,Mental Health,"Clinician/Social Worker,Peer Support Specialist",Contracted Agency - Social Service Provider,,2023,https://www.indy.gov/activity/ophs-health,,,Gray,871449,,,"Indianapolis, IN - Clinician-Led Community Response (CLCR)",39.77732243,-86.15197835
"Long Beach, CA",Community Crisis Response (CCR),California,CCR,871.0,2.0,2025.0,,Mental Health,"Peer Support Specialist,EMT/Paramedic/Nurse,Trained Civilian",City Health Department,9-1-1 center-led,2023,https://www.longbeach.gov/health/services/directory-by-population/community-crisis-response-team/,,https://public.tableau.com/views/LBDHHSCommunityCrisisResponsePublicDashboard_17145903923090/CCRDashboard?:language=en-US&publish=yes&:sid=&:display_count=n&:origin=viz_share_link ,Gray,470000,,,"Long Beach, CA - Community Crisis Response (CCR)",33.77800573,-118.1852322
"Los Angeles, CA ",Unarmed Model of Crisis Response (UMCR),California,UMCR,6700.0,2.0,2025.0,$5186581,Mental Health,Trained Civilian,Contracted Agency - Social Service Provider,9-1-1 center-led,2024,https://www.pennylane.org/programs/community-programs/umcr,https://clkrep.lacity.org/onlinedocs/2020/20-0769-S7_rpt_CAO_10-17-24.pdf,,Pink,3821000,"24 hours a day, 7 days a week",,"Los Angeles, CA  - Unarmed Model of Crisis Response (UMCR)",34.06268023,-118.2363942
"Los Angeles, CA ",Unarmed Model of Crisis Response (UMCR),California,UMCR,6700.0,2.0,2025.0,$5186581,Conflict Resolution,Trained Civilian,Contracted Agency - Social Service Provider,9-1-1 center-led,2024,https://www.pennylane.org/programs/community-programs/umcr,https://clkrep.lacity.org/onlinedocs/2020/20-0769-S7_rpt_CAO_10-17-24.pdf,,Pink,3821000,"24 hours a day, 7 days a week",,"Los Angeles, CA  - Unarmed Model of Crisis Response (UMCR)",34.06268023,-118.2363942
"Los Angeles, CA ",Unarmed Model of Crisis Response (UMCR),California,UMCR,6700.0,2.0,2025.0,$5186581,Substance Use,Trained Civilian,Contracted Agency - Social Service Provider,9-1-1 center-led,2024,https://www.pennylane.org/programs/community-programs/umcr,https://clkrep.lacity.org/onlinedocs/2020/20-0769-S7_rpt_CAO_10-17-24.pdf,,Pink,3821000,"24 hours a day, 7 days a week",,"Los Angeles, CA  - Unarmed Model of Crisis Response (UMCR)",34.06268023,-118.2363942
"Louisville, KY",Crisis Call Diversion Program (CCDP),Kentucky,CCDP,700.0,1.0,2024.0,,Mental Health,Clinician/Social Worker,Contracted Agency - Social Service Provider,Embedded professional-led,2022,https://louisvilleky.gov/government/emergency-services/crisis-call-diversion-program,,,Gray,624444,,,"Louisville, KY - Crisis Call Diversion Program (CCDP)",38.26322693,-85.75303515
"Madison, WI",Community Alternative Response Emergency Services (CARES),Wisconsin,CARES,3500.0,13.0,2022.0,$1700000,Mental Health,"EMT/Paramedic/Nurse,Trained Civilian",City Fire/EMS Department,9-1-1 center-led,2021,https://www.cityofmadison.com/fire/emergency-medical-services/community-alternative-response-emergency-services-cares,,,Pink,272903,,,"Madison, WI - Community Alternative Response Emergency Services (CARES)",43.08375033,-89.37738945
"Madison, WI",Community Alternative Response Emergency Services (CARES),Wisconsin,CARES,3500.0,13.0,2022.0,$1700000,Substance Use,"EMT/Paramedic/Nurse,Trained Civilian",City Fire/EMS Department,9-1-1 center-led,2021,https://www.cityofmadison.com/fire/emergency-medical-services/community-alternative-response-emergency-services-cares,,,Pink,272903,,,"Madison, WI - Community Alternative Response Emergency Services (CARES)",43.08375033,-89.37738945
"Mesa, AZ",Mobile Crisis Teams ,Arizona,MCT,938.0,2.0,2022.0,,,"Clinician/Social Worker,EMT/Paramedic/Nurse",Contracted Agency - Social Service Provider,,2019,"https://www.mesaaz.gov/Public-Safety/Mesa-Police/Community/Mental-Health#:~:text=(show%20below)-,Dedicated,-Mobile%20Crisis%20Teams",,,Gray,517302,,,"Mesa, AZ - Mobile Crisis Teams ",33.42408983,-111.8250832
"Minneapolis, MN",Behavorial Crisis Response Team (BCR),Minnesota,BCR,8000.0,18.0,2024.0,$5900000,Mental Health,Clinician/Social Worker,Contracted Agency - Social Service Provider,9-1-1 center-led,2021,https://www.minneapolismn.gov/resident-services/public-safety/unarmed-public-safety/behavioral-crisis-response/,,https://tableau.minneapolismn.gov/views/PublicCallsforService/CallsforService?%3Aembed=t&%3Atoolbar=f,Pink,439430,,,"Minneapolis, MN - Behavorial Crisis Response Team (BCR)",44.98628883,-93.25909735
"Modesto, CA",Community Health and Assistance Team (C.H.A.T.),California,C.H.A.T,2425.0,11.0,,$1766242,Mental Health,Trained Civilian,City Police Department,9-1-1 center-led,2022,https://www.modestogov.com/2765/Community-Health-and-Assistance-Team-CHA,,https://www.modestogov.com/2785/Outreach-Dashboard,Gray,218915,,,"Modesto, CA - Community Health and Assistance Team (C.H.A.T.)",37.64833123,-120.9905174
"Modesto, CA",Community Health and Assistance Team (C.H.A.T.),California,C.H.A.T,2425.0,11.0,,$1766242,Service Connection,Trained Civilian,City Police Department,9-1-1 center-led,2022,https://www.modestogov.com/2765/Community-Health-and-Assistance-Team-CHA,,https://www.modestogov.com/2785/Outreach-Dashboard,Gray,218915,,,"Modesto, CA - Community Health and Assistance Team (C.H.A.T.)",37.64833123,-120.9905174
"Modesto, CA",Community Health and Assistance Team (C.H.A.T.),California,C.H.A.T,2425.0,11.0,,$1766242,Suspicious Person,Trained Civilian,City Police Department,9-1-1 center-led,2022,https://www.modestogov.com/2765/Community-Health-and-Assistance-Team-CHA,,https://www.modestogov.com/2785/Outreach-Dashboard,Gray,218915,,,"Modesto, CA - Community Health and Assistance Team (C.H.A.T.)",37.64833123,-120.9905174
"Modesto, CA",Community Health and Assistance Team (C.H.A.T.),California,C.H.A.T,2425.0,11.0,,$1766242,Conflict Resolution,Trained Civilian,City Police Department,9-1-1 center-led,2022,https://www.modestogov.com/2765/Community-Health-and-Assistance-Team-CHA,,https://www.modestogov.com/2785/Outreach-Dashboard,Gray,218915,,,"Modesto, CA - Community Health and Assistance Team (C.H.A.T.)",37.64833123,-120.9905174
"Nashville, TN",Responders Engaged and Committed to Helping (REACH),Tennessee,REACH,,,,,,,,,2023,,,,Gray,715884,,,"Nashville, TN - Responders Engaged and Committed to Helping (REACH)",36.17126603,-86.76792655
"New Haven, CT",Compassionate Allies Serving our Streets (COMPASS),Connecticut,COMPASS,57.0,,,,Service Connection,,Contracted Agency - Social Service Provider,9-1-1 center-led,2022,https://www.elmcitycompass.org/,Nov 2024 report here,,Gray,135319,,,"New Haven, CT - Compassionate Allies Serving our Streets (COMPASS)",41.31720313,-72.91867995
"New Haven, CT",Compassionate Allies Serving our Streets (COMPASS),Connecticut,COMPASS,57.0,,,,Mental Health,,Contracted Agency - Social Service Provider,9-1-1 center-led,2022,https://www.elmcitycompass.org/,Nov 2024 report here,,Gray,135319,,,"New Haven, CT - Compassionate Allies Serving our Streets (COMPASS)",41.31720313,-72.91867995
"New Haven, CT",Compassionate Allies Serving our Streets (COMPASS),Connecticut,COMPASS,57.0,,,,Substance Use,,Contracted Agency - Social Service Provider,9-1-1 center-led,2022,https://www.elmcitycompass.org/,Nov 2024 report here,,Gray,135319,,,"New Haven, CT - Compassionate Allies Serving our Streets (COMPASS)",41.31720313,-72.91867995
"New Orleans, LA",Mobile Crisis Intervention Unit (MCIU) ,Louisiana,MCIU,2853.0,7.0,,,Mental Health,"Clinician/Social Worker,Peer Support Specialist",City Health Department,9-1-1 center-led,2023,https://www.rhd.org/nomciu/,https://www.rhd.org/wp-content/uploads/2024/11/MCIU-1-year-evaluation-FINAL.pdf,https://app.powerbigov.us/view?r=eyJrIjoiNjM2MzI1MDItM2Q0OC00MzE4LWIzMDEtNjIyNWY0Y2ZmZDUyIiwidCI6IjA4Y2JmNDg1LTFjYjctNGEwMi05YTIxLTBkZDliNDViOWZmNyJ9,Gray,392031,,,"New Orleans, LA - Mobile Crisis Intervention Unit (MCIU) ",29.98498763,-90.07184085
"New York City, NY",Behavioral Health Emergency Assistance Response Division (B-HEARD),New York,B-HEARD,14900.0,2.0,2024.0,$12500000,Mental Health,"EMT/Paramedic/Nurse,Clinician/Social Worker",City Health Department,9-1-1 center-led,2021,https://mentalhealth.cityofnewyork.us/b-heard,,,Pink,8335897,"seven days a week, 16 hours a day in 31 precincts across 4 boroughs",,"New York City, NY - Behavioral Health Emergency Assistance Response Division (B-HEARD)",40.72171743,-73.99964335
"Northampton, MA ",Division of Community Care (DCC) Community Responders (CRs),Massachusetts,DCC CRs,55.0,2.0,,,Service Connection,Trained Civilian,City Health Department,,2023,https://www.northamptondcc.org/,,,Gray,29327,,,"Northampton, MA  - Division of Community Care (DCC) Community Responders (CRs)",42.32688823,-72.62472875
"Novato, CA",Specialized Assistance for Everyone (SAFE) Team ,California,SAFE,,,,,Mental Health,"Trained Civilian,EMT/Paramedic/Nurse",Contracted Agency - Social Service Provider,9-1-1 center-led,2025,https://www.novato.org/community/homeless-outreach-in-novato/safe-program,,,Gray,51722,Tuesday - Saturday from 8am – 8pm,,"Novato, CA - Specialized Assistance for Everyone (SAFE) Team ",38.1074,-122.5697
"Novato, CA",Specialized Assistance for Everyone (SAFE) Team ,California,SAFE,,,,,Service Connection,"Trained Civilian,EMT/Paramedic/Nurse",Contracted Agency - Social Service Provider,9-1-1 center-led,2025,https://www.novato.org/community/homeless-outreach-in-novato/safe-program,,,Gray,51722,Tuesday - Saturday from 8am – 8pm,,"Novato, CA - Specialized Assistance for Everyone (SAFE) Team ",38.1074,-122.5697
"Novato, CA",Specialized Assistance for Everyone (SAFE) Team ,California,SAFE,,,,,Substance Use,"Trained Civilian,EMT/Paramedic/Nurse",Contracted Agency - Social Service Provider,9-1-1 center-led,2025,https://www.novato.org/community/homeless-outreach-in-novato/safe-program,,,Gray,51722,Tuesday - Saturday from 8am – 8pm,,"Novato, CA - Specialized Assistance for Everyone (SAFE) Team ",38.1074,-122.5697
"Oakland, CA",Mobile Assistance Community Responders of Oakland (MACRO) Program,California,MACRO,389.0,1.0,2023.0,,Mental Health,"EMT/Paramedic/Nurse,Trained Civilian",City Fire/EMS Department,9-1-1 center-led,2022,https://www.oaklandca.gov/projects/macro-mobile-assistance-community-responders-of-oakland,,,Gray,436504,7 days a week [6:30 am - 8:30 pm] ,,"Oakland, CA - Mobile Assistance Community Responders of Oakland (MACRO) Program",37.81344503,-122.2649842
"Oakland, CA",Mobile Assistance Community Responders of Oakland (MACRO) Program,California,MACRO,389.0,1.0,2023.0,,Substance Use,"EMT/Paramedic/Nurse,Trained Civilian",City Fire/EMS Department,9-1-1 center-led,2022,https://www.oaklandca.gov/projects/macro-mobile-assistance-community-responders-of-oakland,,,Gray,436504,7 days a week [6:30 am - 8:30 pm] ,,"Oakland, CA - Mobile Assistance Community Responders of Oakland (MACRO) Program",37.81344503,-122.2649842
"Olympia, WA",Crisis Response Unit (CRU),Washington,CRU,2000.0,36.0,2023.0,$550000,Mental Health,Trained Civilian,City Police Department,9-1-1 center-led,2019,https://www.olympiawa.gov/services/police_department/crisis_response.php,,,Pink,55669,"7 a.m. - 2 a.m., seven days a week ",,"Olympia, WA - Crisis Response Unit (CRU)",47.05409153,-122.8886357
"Olympia, WA",Crisis Response Unit (CRU),Washington,CRU,2000.0,36.0,2023.0,$550000,Service Connection,Trained Civilian,City Police Department,9-1-1 center-led,2019,https://www.olympiawa.gov/services/police_department/crisis_response.php,,,Pink,55669,"7 a.m. - 2 a.m., seven days a week ",,"Olympia, WA - Crisis Response Unit (CRU)",47.05409153,-122.8886357
"Olympia, WA",Crisis Response Unit (CRU),Washington,CRU,2000.0,36.0,2023.0,$550000,Substance Use,Trained Civilian,City Police Department,9-1-1 center-led,2019,https://www.olympiawa.gov/services/police_department/crisis_response.php,,,Pink,55669,"7 a.m. - 2 a.m., seven days a week ",,"Olympia, WA - Crisis Response Unit (CRU)",47.05409153,-122.8886357
"Orange County, CA",Be Well Orange County Mobile Response Team,California,Be Well OC MRT,7736.0,3.0,2024.0,$1200000,Mental Health,Trained Civilian,Contracted Agency - Social Service Provider,9-1-1 center-led,2021,https://bewelloc.org/mobile-response/,,https://www.lagunabeachcity.net/,Pink,3000000,seven days a week from 7 AM–7 PM ,,"Orange County, CA - Be Well Orange County Mobile Response Team",33.75962033,-117.8658593
"Orange County, CA",Be Well Orange County Mobile Response Team,California,Be Well OC MRT,7736.0,3.0,2024.0,$1200000,Service Connection,Trained Civilian,Contracted Agency - Social Service Provider,9-1-1 center-led,2021,https://bewelloc.org/mobile-response/,,https://www.lagunabeachcity.net/,Pink,3000000,seven days a week from 7 AM–7 PM ,,"Orange County, CA - Be Well Orange County Mobile Response Team",33.75962033,-117.8658593
"Orange County, CA",Be Well Orange County Mobile Response Team,California,Be Well OC MRT,7736.0,3.0,2024.0,$1200000,Substance Use,Trained Civilian,Contracted Agency - Social Service Provider,9-1-1 center-led,2021,https://bewelloc.org/mobile-response/,,https://www.lagunabeachcity.net/,Pink,3000000,seven days a week from 7 AM–7 PM ,,"Orange County, CA - Be Well Orange County Mobile Response Team",33.75962033,-117.8658593
"Oregon State University, Corvallis",OSU Assist,Oregon,Assist,,,,,Mental Health,Trained Civilian,University,9-1-1 center-led,2022,https://assist.oregonstate.edu/,,,Gray,61087,,,"Oregon State University, Corvallis - OSU Assist",44.57355523,-123.2556717
"Oregon State University, Corvallis",OSU Assist,Oregon,Assist,,,,,Service Connection,Trained Civilian,University,9-1-1 center-led,2022,https://assist.oregonstate.edu/,,,Gray,61087,,,"Oregon State University, Corvallis - OSU Assist",44.57355523,-123.2556717
"Orlando, FL",Community Response Team (CRT),Florida,CRT,1000.0,3.0,,,Mental Health,"Clinician/Social Worker,Trained Civilian",Contracted Agency - Social Service Provider,,2021,https://www.orlando.gov/Our-Government/Departments-Offices/Orlando-Police-Department/Community-Response-Team,,,Gray,321427,six days a week – Monday to Saturday,,"Orlando, FL - Community Response Team (CRT)",28.55110023,-81.37265855
"Petaluma, CA",Specialized Assistance For Everyone (SAFE),California,SAFE,1800.0,31.0,2024.0,$1200000,Mental Health,"EMT/Paramedic/Nurse,Trained Civilian",Contracted Agency - Social Service Provider,9-1-1 center-led,2021,https://petalumapeople.org/counseling/safe,,,Pink,58800,24/7,,"Petaluma, CA - Specialized Assistance For Everyone (SAFE)",38.30440033,-122.6073217
"Petaluma, CA",Specialized Assistance For Everyone (SAFE),California,SAFE,1800.0,31.0,2024.0,$1200000,Service Connection,"EMT/Paramedic/Nurse,Trained Civilian",Contracted Agency - Social Service Provider,9-1-1 center-led,2021,https://petalumapeople.org/counseling/safe,,,Pink,58800,24/7,,"Petaluma, CA - Specialized Assistance For Everyone (SAFE)",38.30440033,-122.6073217
"Petaluma, CA",Specialized Assistance For Everyone (SAFE),California,SAFE,1800.0,31.0,2024.0,$1200000,Substance Use,"EMT/Paramedic/Nurse,Trained Civilian",Contracted Agency - Social Service Provider,9-1-1 center-led,2021,https://petalumapeople.org/counseling/safe,,,Pink,58800,24/7,,"Petaluma, CA - Specialized Assistance For Everyone (SAFE)",38.30440033,-122.6073217
"Phoenix, AZ",Community Assistance Program (CAP),Arizona,CAP,2001.0,1.0,,,Mental Health,"EMT/Paramedic/Nurse,Trained Civilian",City Fire/EMS Department,Embedded professional-led,2021,https://www.phoenix.gov/fire/community-assistance-program,,,Gray,1640641,,,"Phoenix, AZ - Community Assistance Program (CAP)",33.45742603,-112.0677692
"Phoenix, AZ",Community Assistance Program (CAP),Arizona,CAP,2001.0,1.0,,,Conflict Resolution,"EMT/Paramedic/Nurse,Trained Civilian",City Fire/EMS Department,Embedded professional-led,2021,https://www.phoenix.gov/fire/community-assistance-program,,,Gray,1640641,,,"Phoenix, AZ - Community Assistance Program (CAP)",33.45742603,-112.0677692
"Phoenix, AZ",Community Assistance Program (CAP),Arizona,CAP,2001.0,1.0,,,Substance Use,"EMT/Paramedic/Nurse,Trained Civilian",City Fire/EMS Department,Embedded professional-led,2021,https://www.phoenix.gov/fire/community-assistance-program,,,Gray,1640641,,,"Phoenix, AZ - Community Assistance Program (CAP)",33.45742603,-112.0677692
"Portland, OR",Portland Street Response (PSR) ,Oregon,PSR,7400.0,11.0,,$5600000,Mental Health,"Peer Support Specialist,Clinician/Social Worker",City Fire/EMS Department,9-1-1 center-led,2021,https://www.portland.gov/fire/streetresponse/psr-faq,,https://www.portland.gov/streetresponse/data-dashboard,Pink,666249,8 a.m. to 10 p.m. every day,,"Portland, OR - Portland Street Response (PSR) ",45.52923643,-122.6678222
"Portland, OR",Portland Street Response (PSR) ,Oregon,PSR,7400.0,11.0,,$5600000,Service Connection,"Peer Support Specialist,Clinician/Social Worker",City Fire/EMS Department,9-1-1 center-led,2021,https://www.portland.gov/fire/streetresponse/psr-faq,,https://www.portland.gov/streetresponse/data-dashboard,Pink,666249,8 a.m. to 10 p.m. every day,,"Portland, OR - Portland Street Response (PSR) ",45.52923643,-122.6678222
"Portland, OR",Portland Street Response (PSR) ,Oregon,PSR,7400.0,11.0,,$5600000,Suspicious Person,"Peer Support Specialist,Clinician/Social Worker",City Fire/EMS Department,9-1-1 center-led,2021,https://www.portland.gov/fire/streetresponse/psr-faq,,https://www.portland.gov/streetresponse/data-dashboard,Pink,666249,8 a.m. to 10 p.m. every day,,"Portland, OR - Portland Street Response (PSR) ",45.52923643,-122.6678222
"Portland, OR",Portland Street Response (PSR) ,Oregon,PSR,7400.0,11.0,,$5600000,Substance Use,"Peer Support Specialist,Clinician/Social Worker",City Fire/EMS Department,9-1-1 center-led,2021,https://www.portland.gov/fire/streetresponse/psr-faq,,https://www.portland.gov/streetresponse/data-dashboard,Pink,666249,8 a.m. to 10 p.m. every day,,"Portland, OR - Portland Street Response (PSR) ",45.52923643,-122.6678222
"Ramsey County, MN",Appropriate Responses Initiative (ARI) MHR,Minnesota,ARI - MHR,357.0,1.0,2025.0,$3000000,Mental Health,Clinician/Social Worker,County Social Services Department,Embedded professional-led,2016,https://www.ramseycounty.us/your-government/projects-initiatives/criminal-justice-reform/appropriate-responses-initiative,,https://opendata.ramseycounty.us/stories/s/tcex-xfmr,Gray,561094,Monday through Friday from 8 AM to 10 PM,,"Ramsey County, MN - Appropriate Responses Initiative (ARI) MHR",45.02556213,-93.08857825
"Ramsey County, MN",Appropriate Responses Initiative (ARI) MHR,Minnesota,ARI - MHR,357.0,1.0,2025.0,$3000000,Service Connection,Clinician/Social Worker,County Social Services Department,Embedded professional-led,2016,https://www.ramseycounty.us/your-government/projects-initiatives/criminal-justice-reform/appropriate-responses-initiative,,https://opendata.ramseycounty.us/stories/s/tcex-xfmr,Gray,561094,Monday through Friday from 8 AM to 10 PM,,"Ramsey County, MN - Appropriate Responses Initiative (ARI) MHR",45.02556213,-93.08857825
"Ramsey County, MN",Appropriate Responses Initiative (ARI) MHR,Minnesota,ARI - MHR,357.0,1.0,2025.0,$3000000,Substance Use,Clinician/Social Worker,County Social Services Department,Embedded professional-led,2016,https://www.ramseycounty.us/your-government/projects-initiatives/criminal-justice-reform/appropriate-responses-initiative,,https://opendata.ramseycounty.us/stories/s/tcex-xfmr,Gray,561094,Monday through Friday from 8 AM to 10 PM,,"Ramsey County, MN - Appropriate Responses Initiative (ARI) MHR",45.02556213,-93.08857825
"Rochester, NY",Person In Crisis (PIC) ,New York,PIC,1411.0,7.0,2024.0,$2700000,Mental Health,Clinician/Social Worker,City Human/Community Services Department,9-1-1 center-led,2021,https://www.cityofrochester.gov/person-in-crisis-team/,,https://www.cityofrochester.gov/departments/department-recreation-and-human-services/person-crisis-team-0,Gray,211480,24/7,,"Rochester, NY - Person In Crisis (PIC) ",43.16627433,-77.60884215
"Rochester, NY",Person In Crisis (PIC) ,New York,PIC,1411.0,7.0,2024.0,$2700000,Substance Use,Clinician/Social Worker,City Human/Community Services Department,9-1-1 center-led,2021,https://www.cityofrochester.gov/person-in-crisis-team/,,https://www.cityofrochester.gov/departments/department-recreation-and-human-services/person-crisis-team-0,Gray,211480,24/7,,"Rochester, NY - Person In Crisis (PIC) ",43.16627433,-77.60884215
"Rochester, NY",Person In Crisis (PIC) ,New York,PIC,1411.0,7.0,2024.0,$2700000,Conflict Resolution,Clinician/Social Worker,City Human/Community Services Department,9-1-1 center-led,2021,https://www.cityofrochester.gov/person-in-crisis-team/,,https://www.cityofrochester.gov/departments/department-recreation-and-human-services/person-crisis-team-0,Gray,211480,24/7,,"Rochester, NY - Person In Crisis (PIC) ",43.16627433,-77.60884215
"Rohnert Park/ Cotati, CA",Specialized Assistance For Everyone (SAFE),California,SAFE,900.0,17.0,2024.0,$1200000,Mental Health,"EMT/Paramedic/Nurse,Trained Civilian",Contracted Agency - Social Service Provider,9-1-1 center-led,2021,"https://www.cotaticity.gov/250/SAFE-Specialized-Assistance-for-Everyone#:~:text=Cotati%2C%20Rohnert%20Park%20and%20Sonoma,calling%20707%2D792%2D4611.",,,Gray,51976,24/7,,"Rohnert Park/ Cotati, CA - Specialized Assistance For Everyone (SAFE)",38.33566913,-122.7004722
"Rohnert Park/ Cotati, CA",Specialized Assistance For Everyone (SAFE),California,SAFE,900.0,17.0,2024.0,$1200000,Service Connection,"EMT/Paramedic/Nurse,Trained Civilian",Contracted Agency - Social Service Provider,9-1-1 center-led,2021,"https://www.cotaticity.gov/250/SAFE-Specialized-Assistance-for-Everyone#:~:text=Cotati%2C%20Rohnert%20Park%20and%20Sonoma,calling%20707%2D792%2D4611.",,,Gray,51976,24/7,,"Rohnert Park/ Cotati, CA - Specialized Assistance For Everyone (SAFE)",38.33566913,-122.7004722
"Rohnert Park/ Cotati, CA",Specialized Assistance For Everyone (SAFE),California,SAFE,900.0,17.0,2024.0,$1200000,Substance Use,"EMT/Paramedic/Nurse,Trained Civilian",Contracted Agency - Social Service Provider,9-1-1 center-led,2021,"https://www.cotaticity.gov/250/SAFE-Specialized-Assistance-for-Everyone#:~:text=Cotati%2C%20Rohnert%20Park%20and%20Sonoma,calling%20707%2D792%2D4611.",,,Gray,51976,24/7,,"Rohnert Park/ Cotati, CA - Specialized Assistance For Everyone (SAFE)",38.33566913,-122.7004722
"Round Rock, TX",Crisis Response Unit (CRU),Texas,CRU,1000.0,8.0,,$1070000,Mental Health,"EMT/Paramedic/Nurse,Clinician/Social Worker",City Fire/EMS Department,9-1-1 center-led,2022,https://www.roundrocktexas.gov/city-departments/fire/fire-marshal/community-risk-reduction/crisis-response-unit/,,,Gray,123384,,ARPA funds,"Round Rock, TX - Crisis Response Unit (CRU)",30.51758083,-97.67243375
"San Diego County, CA",Mobile Crisis Response Teams (MCRT),California,MCRT,178.0,,,,Mental Health,,,,2021,https://www.sandiegocounty.gov/mcrt/,,,Gray,3270000,,,"San Diego County, CA - Mobile Crisis Response Teams (MCRT)",32.97277313,-116.7642559
"San Diego County, CA",Mobile Crisis Response Teams (MCRT),California,MCRT,178.0,,,,Substance Use,,,,2021,https://www.sandiegocounty.gov/mcrt/,,,Gray,3270000,,,"San Diego County, CA - Mobile Crisis Response Teams (MCRT)",32.97277313,-116.7642559
"San Francisco, CA",Homeless Engagement Assistance Response Team (HEART) ,California,HEART,13875.0,16.0,,$3000000,Service Connection,Trained Civilian,Contracted Agency - Social Service Provider,9-1-1 center-led,2023,https://www.sf.gov/healthy-streets,,,Pink,887711,weekdays from 7 AM–7 PM and weekends from 7 AM–3:30 PM,,"San Francisco, CA - Homeless Engagement Assistance Response Team (HEART) ",37.78824813,-122.4129568
"San Francisco, CA",Homeless Engagement Assistance Response Team (HEART) ,California,HEART,13875.0,16.0,,$3000000,Suspicious Person,Trained Civilian,Contracted Agency - Social Service Provider,9-1-1 center-led,2023,https://www.sf.gov/healthy-streets,,,Pink,887711,weekdays from 7 AM–7 PM and weekends from 7 AM–3:30 PM,,"San Francisco, CA - Homeless Engagement Assistance Response Team (HEART) ",37.78824813,-122.4129568
"San Francisco, CA ",Street Crisis Response Team (SCRT) ,California,SCRT,14512.0,16.0,2024.0,$13000000,Mental Health,"EMT/Paramedic/Nurse,Peer Support Specialist",City Health Department,9-1-1 center-led,2021,https://www.sf.gov/street-crisis-response-team,,,Pink,887711,24/7,,"San Francisco, CA  - Street Crisis Response Team (SCRT) ",37.750142,-122.50361
"San Francisco, CA ",Street Crisis Response Team (SCRT) ,California,SCRT,14512.0,16.0,2024.0,$13000000,Substance Use,"EMT/Paramedic/Nurse,Peer Support Specialist",City Health Department,9-1-1 center-led,2021,https://www.sf.gov/street-crisis-response-team,,,Pink,887711,24/7,,"San Francisco, CA  - Street Crisis Response Team (SCRT) ",37.750142,-122.50361
"San Gabriel Valley, CA",San Gabriel Valley Crisis Assistance Response & Engagement (SGV CARE),California,SGV CARE,136.0,1.0,,,Mental Health,"Clinician/Social Worker,Peer Support Specialist",Contracted Agency - Social Service Provider,9-1-1 center-led,2022,https://www.sgvcog.org/sgv-care,,,Gray,136910,,,"San Gabriel Valley, CA - San Gabriel Valley Crisis Assistance Response & Engagement (SGV CARE)",34.15733923,-117.9950799
"San Rafael, CA",San Rafael Specialized Assistance For Everyone (SAFE),California,SAFE,1600.0,27.0,2024.0,$1000000,Mental Health,"EMT/Paramedic/Nurse,Trained Civilian",Contracted Agency - Social Service Provider,9-1-1 center-led,2022,"https://www.srpd.org/safe#:~:text=The%20SAFE%20team%20is%20modeled,458%2DSAFE%20(7233).",,,Pink,59555,"8 a.m. – 8 p.m., seven days a week, 365 days per year",,"San Rafael, CA - San Rafael Specialized Assistance For Everyone (SAFE)",37.98376883,-122.5252968
"San Rafael, CA",San Rafael Specialized Assistance For Everyone (SAFE),California,SAFE,1600.0,27.0,2024.0,$1000000,Service Connection,"EMT/Paramedic/Nurse,Trained Civilian",Contracted Agency - Social Service Provider,9-1-1 center-led,2022,"https://www.srpd.org/safe#:~:text=The%20SAFE%20team%20is%20modeled,458%2DSAFE%20(7233).",,,Pink,59555,"8 a.m. – 8 p.m., seven days a week, 365 days per year",,"San Rafael, CA - San Rafael Specialized Assistance For Everyone (SAFE)",37.98376883,-122.5252968
"San Rafael, CA",San Rafael Specialized Assistance For Everyone (SAFE),California,SAFE,1600.0,27.0,2024.0,$1000000,Substance Use,"EMT/Paramedic/Nurse,Trained Civilian",Contracted Agency - Social Service Provider,9-1-1 center-led,2022,"https://www.srpd.org/safe#:~:text=The%20SAFE%20team%20is%20modeled,458%2DSAFE%20(7233).",,,Pink,59555,"8 a.m. – 8 p.m., seven days a week, 365 days per year",,"San Rafael, CA - San Rafael Specialized Assistance For Everyone (SAFE)",37.98376883,-122.5252968
"Santa Fe, NM",Alternative Response Unit (ARU) ,New Mexico,ARU,1368.0,15.0,,$300000,Mental Health,"EMT/Paramedic/Nurse,Clinician/Social Worker,Trained Civilian",City Fire/EMS Department,9-1-1 center-led,2021,https://santafenm.gov/fire-department/mobile-integrated-health,,,Gray,89008,"50 hrs a week: Tuesday through Friday, 8 am to 6 pm.",,"Santa Fe, NM - Alternative Response Unit (ARU) ",35.69659893,-105.9320842
"Santa Fe, NM",Alternative Response Unit (ARU) ,New Mexico,ARU,1368.0,15.0,,$300000,Substance Use,"EMT/Paramedic/Nurse,Clinician/Social Worker,Trained Civilian",City Fire/EMS Department,9-1-1 center-led,2021,https://santafenm.gov/fire-department/mobile-integrated-health,,,Gray,89008,"50 hrs a week: Tuesday through Friday, 8 am to 6 pm.",,"Santa Fe, NM - Alternative Response Unit (ARU) ",35.69659893,-105.9320842
"Santa Rosa, CA",inRESPONSE Team,California,inRESPONSE,3568.0,20.0,2023.0,$1100000,Mental Health,"Clinician/Social Worker,EMT/Paramedic/Nurse",City Police Department,9-1-1 center-led,2022,https://www.srcity.org/3627/inRESPONSE-Mental-Health-Support-Team,,,Pink,180189,24/7,,"Santa Rosa, CA - inRESPONSE Team",38.44948183,-122.7077331
"Santa Rosa, CA",inRESPONSE Team,California,inRESPONSE,3568.0,20.0,2023.0,$1100000,Substance Use,"Clinician/Social Worker,EMT/Paramedic/Nurse",City Police Department,9-1-1 center-led,2022,https://www.srcity.org/3627/inRESPONSE-Mental-Health-Support-Team,,,Pink,180189,24/7,,"Santa Rosa, CA - inRESPONSE Team",38.44948183,-122.7077331
"Seattle, WA",Community Assisted Response & Engagement (CARE),Washington,CARE,1000.0,1.0,2024.0,$2400000,Mental Health,"Clinician/Social Worker,Trained Civilian",City Emergency Communications Department,9-1-1 center-led,2024,https://www.seattle.gov/care/about-the-care-department,,,Gray,755078,,,"Seattle, WA - Community Assisted Response & Engagement (CARE)",47.61282143,-122.3236902
"Seattle, WA",Community Assisted Response & Engagement (CARE),Washington,CARE,1000.0,1.0,2024.0,$2400000,Service Connection,"Clinician/Social Worker,Trained Civilian",City Emergency Communications Department,9-1-1 center-led,2024,https://www.seattle.gov/care/about-the-care-department,,,Gray,755078,,,"Seattle, WA - Community Assisted Response & Engagement (CARE)",47.61282143,-122.3236902
Sonoma State University ,SAFE (Specialized Assistance for Everyone) Team ,California,SAFE,13.0,2.0,2024.0,,Mental Health,"EMT/Paramedic/Nurse,Trained Civilian",Contracted Agency - Social Service Provider,,2021,https://police.sonoma.edu/safe-team,,,Gray,7000,,,Sonoma State University  - SAFE (Specialized Assistance for Everyone) Team ,38.34862603,-122.6947262
Sonoma State University ,SAFE (Specialized Assistance for Everyone) Team ,California,SAFE,13.0,2.0,2024.0,,Service Connection,"EMT/Paramedic/Nurse,Trained Civilian",Contracted Agency - Social Service Provider,,2021,https://police.sonoma.edu/safe-team,,,Gray,7000,,,Sonoma State University  - SAFE (Specialized Assistance for Everyone) Team ,38.34862603,-122.6947262
Sonoma State University ,SAFE (Specialized Assistance for Everyone) Team ,California,SAFE,13.0,2.0,2024.0,,Substance Use,"EMT/Paramedic/Nurse,Trained Civilian",Contracted Agency - Social Service Provider,,2021,https://police.sonoma.edu/safe-team,,,Gray,7000,,,Sonoma State University  - SAFE (Specialized Assistance for Everyone) Team ,38.34862603,-122.6947262
"Springfield, OR",Crisis Assistance Helping Out On The Streets (CAHOOTS),Oregon,CAHOOTS,,,,$2000000,Mental Health,"EMT/Paramedic/Nurse,Clinician/Social Worker",Contracted Agency - Social Service Provider,9-1-1 center-led,1989,https://whitebirdclinic.org/cahoots/,,,Gray,61182,,,"Springfield, OR - Crisis Assistance Helping Out On The Streets (CAHOOTS)",44.05949473,-123.0886788
"Springfield, OR",Crisis Assistance Helping Out On The Streets (CAHOOTS),Oregon,CAHOOTS,,,,$2000000,Service Connection,"EMT/Paramedic/Nurse,Clinician/Social Worker",Contracted Agency - Social Service Provider,9-1-1 center-led,1989,https://whitebirdclinic.org/cahoots/,,,Gray,61182,,,"Springfield, OR - Crisis Assistance Helping Out On The Streets (CAHOOTS)",44.05949473,-123.0886788
"Springfield, OR",Crisis Assistance Helping Out On The Streets (CAHOOTS),Oregon,CAHOOTS,,,,$2000000,Substance Use,"EMT/Paramedic/Nurse,Clinician/Social Worker",Contracted Agency - Social Service Provider,9-1-1 center-led,1989,https://whitebirdclinic.org/cahoots/,,,Gray,61182,,,"Springfield, OR - Crisis Assistance Helping Out On The Streets (CAHOOTS)",44.05949473,-123.0886788
"St. Louis, MO",Community Centered Crisis Response Teams (C3RT),Missouri,C3RT,126.0,,2024.0,,Mental Health,"Clinician/Social Worker,Peer Support Specialist",Contracted Agency - Social Service Provider,Embedded professional-led,2023,https://www.stlouis-mo.gov/government/departments/public-safety/violence-prevention/strategy/crisis-response/community-centered-crisis-response-teams-c3rt.cfm,,,Gray,281754, available Sunday-Thursday from 11am to 7pm.,,"St. Louis, MO - Community Centered Crisis Response Teams (C3RT)",38.63701713,-90.18464355
"St. Louis, MO",Community Centered Crisis Response Teams (C3RT),Missouri,C3RT,126.0,,2024.0,,Substance Use,"Clinician/Social Worker,Peer Support Specialist",Contracted Agency - Social Service Provider,Embedded professional-led,2023,https://www.stlouis-mo.gov/government/departments/public-safety/violence-prevention/strategy/crisis-response/community-centered-crisis-response-teams-c3rt.cfm,,,Gray,281754, available Sunday-Thursday from 11am to 7pm.,,"St. Louis, MO - Community Centered Crisis Response Teams (C3RT)",38.63701713,-90.18464355
"St. Petersburg, FL",Community Assistance and Life Liaison (CALL),Florida,CALL,1740.0,7.0,2025.0,$1668738,Mental Health,"Clinician/Social Worker,Trained Civilian",Contracted Agency - Social Service Provider,9-1-1 center-led,2021,https://police.stpete.org/call/index.html#gsc.tab=0,"https://www.usf.edu/arts-sciences/centers/cjrp/documents/call-program-evaluation-phase1-review.pdf 

https://pubmed.ncbi.nlm.nih.gov/39311831/ ",,Gray,263553,"8am – 6pm, 11am – 9pm, and 2pm - midnight",General fund,"St. Petersburg, FL - Community Assistance and Life Liaison (CALL)",27.77903683,-82.62953595
"St. Petersburg, FL",Community Assistance and Life Liaison (CALL),Florida,CALL,1740.0,7.0,2025.0,$1668738,Service Connection,"Clinician/Social Worker,Trained Civilian",Contracted Agency - Social Service Provider,9-1-1 center-led,2021,https://police.stpete.org/call/index.html#gsc.tab=0,"https://www.usf.edu/arts-sciences/centers/cjrp/documents/call-program-evaluation-phase1-review.pdf 

https://pubmed.ncbi.nlm.nih.gov/39311831/ ",,Gray,263553,"8am – 6pm, 11am – 9pm, and 2pm - midnight",General fund,"St. Petersburg, FL - Community Assistance and Life Liaison (CALL)",27.77903683,-82.62953595
"St. Petersburg, FL",Community Assistance and Life Liaison (CALL),Florida,CALL,1740.0,7.0,2025.0,$1668738,Conflict Resolution,"Clinician/Social Worker,Trained Civilian",Contracted Agency - Social Service Provider,9-1-1 center-led,2021,https://police.stpete.org/call/index.html#gsc.tab=0,"https://www.usf.edu/arts-sciences/centers/cjrp/documents/call-program-evaluation-phase1-review.pdf 

https://pubmed.ncbi.nlm.nih.gov/39311831/ ",,Gray,263553,"8am – 6pm, 11am – 9pm, and 2pm - midnight",General fund,"St. Petersburg, FL - Community Assistance and Life Liaison (CALL)",27.77903683,-82.62953595
"St. Petersburg, FL",Community Assistance and Life Liaison (CALL),Florida,CALL,1740.0,7.0,2025.0,$1668738,Suspicious Person,"Clinician/Social Worker,Trained Civilian",Contracted Agency - Social Service Provider,9-1-1 center-led,2021,https://police.stpete.org/call/index.html#gsc.tab=0,"https://www.usf.edu/arts-sciences/centers/cjrp/documents/call-program-evaluation-phase1-review.pdf 

https://pubmed.ncbi.nlm.nih.gov/39311831/ ",,Gray,263553,"8am – 6pm, 11am – 9pm, and 2pm - midnight",General fund,"St. Petersburg, FL - Community Assistance and Life Liaison (CALL)",27.77903683,-82.62953595
"St. Petersburg, FL",Community Assistance and Life Liaison (CALL),Florida,CALL,1740.0,7.0,2025.0,$1668738,Substance Use,"Clinician/Social Worker,Trained Civilian",Contracted Agency - Social Service Provider,9-1-1 center-led,2021,https://police.stpete.org/call/index.html#gsc.tab=0,"https://www.usf.edu/arts-sciences/centers/cjrp/documents/call-program-evaluation-phase1-review.pdf 

https://pubmed.ncbi.nlm.nih.gov/39311831/ ",,Gray,263553,"8am – 6pm, 11am – 9pm, and 2pm - midnight",General fund,"St. Petersburg, FL - Community Assistance and Life Liaison (CALL)",27.77903683,-82.62953595
"Tempe, AZ",CARE 7 Crisis Response Team,Arizona,CARE 7,,,,,,,City Health Department,9-1-1 center-led,2023,https://www.tempe.gov/government/community-health-and-human-services/care-7,,,Gray,184361,,,"Tempe, AZ - CARE 7 Crisis Response Team",33.43450103,-111.9336442
"Tucson, AZ",Community Health & Acute Response Team (CHART),Arizona,CHART,,,,,Substance Use,"EMT/Paramedic/Nurse,Peer Support Specialist",,,2023,https://www.tucsonaz.gov/Government/Office-of-the-City-Manager/Community-Safety-Health-Wellness,,,Gray,547239,,,"Tucson, AZ - Community Health & Acute Response Team (CHART)",32.23186583,-110.9684752
"Tucson, AZ",Community Health & Acute Response Team (CHART),Arizona,CHART,,,,,Mental Health,"EMT/Paramedic/Nurse,Peer Support Specialist",,,2023,https://www.tucsonaz.gov/Government/Office-of-the-City-Manager/Community-Safety-Health-Wellness,,,Gray,547239,,,"Tucson, AZ - Community Health & Acute Response Team (CHART)",32.23186583,-110.9684752
"Tulsa, OK",Alternative Response Team (ART),Oklahoma,ART,1206.0,3.0,2023.0,,Mental Health,"Clinician/Social Worker,EMT/Paramedic/Nurse",City Fire/EMS Department,,2023,https://www.cityoftulsa.org/path-to-home/programs-resources/#collapse35,,,Gray,408956,,,"Tulsa, OK - Alternative Response Team (ART)",36.16530153,-95.98637975
"Tulsa, OK",Alternative Response Team (ART),Oklahoma,ART,1206.0,3.0,2023.0,,Substance Use,"Clinician/Social Worker,EMT/Paramedic/Nurse",City Fire/EMS Department,,2023,https://www.cityoftulsa.org/path-to-home/programs-resources/#collapse35,,,Gray,408956,,,"Tulsa, OK - Alternative Response Team (ART)",36.16530153,-95.98637975
"Vallejo, CA",Integrated Health And Resource Team (IHART),California,IHART,1464.0,3.0,2024.0,$900000,Mental Health,"EMT/Paramedic/Nurse,Trained Civilian",Contracted Agency - Social Service Provider,,2023,https://felton.org/social-services/justice-services/integrated-health-and-resource-team-ihart/,,,Gray,449218,"4 hours a day, 7 days a week, 365 days per year.",,"Vallejo, CA - Integrated Health And Resource Team (IHART)",38.11307573,-122.2502649
"Vallejo, CA",Integrated Health And Resource Team (IHART),California,IHART,1464.0,3.0,2024.0,$900000,Service Connection,"EMT/Paramedic/Nurse,Trained Civilian",Contracted Agency - Social Service Provider,,2023,https://felton.org/social-services/justice-services/integrated-health-and-resource-team-ihart/,,,Gray,449218,"4 hours a day, 7 days a week, 365 days per year.",,"Vallejo, CA - Integrated Health And Resource Team (IHART)",38.11307573,-122.2502649
"Vallejo, CA",Integrated Health And Resource Team (IHART),California,IHART,1464.0,3.0,2024.0,$900000,Substance Use,"EMT/Paramedic/Nurse,Trained Civilian",Contracted Agency - Social Service Provider,,2023,https://felton.org/social-services/justice-services/integrated-health-and-resource-team-ihart/,,,Gray,449218,"4 hours a day, 7 days a week, 365 days per year.",,"Vallejo, CA - Integrated Health And Resource Team (IHART)",38.11307573,-122.2502649
Virginia Commonwealth University,Safety Ambassadors ,Virginia,Safety Ambassadors,,,,,,Trained Civilian,University,,2023,"https://police.vcu.edu/services/safety-ambassadors/#:~:text=Virginia%20Commonwealth%20University%20safety%20ambassadors,ambassadors%20and%20student%20safety%20ambassadors. ",,,Gray,28831,,,Virginia Commonwealth University - Safety Ambassadors ,37.54749803,-77.42790815
"Washington, DC",Community Response Team (CRT),District of Columbia,CRT,142.0,,,,Mental Health,"Clinician/Social Worker,Peer Support Specialist",City Health Department,,2021,https://dbh.dc.gov/service/community-response-team,,,Gray,707109,,,"Washington, DC - Community Response Team (CRT)",38.90402613,-77.03017085
"Washington, DC",Community Response Team (CRT),District of Columbia,CRT,142.0,,,,Substance Use,"Clinician/Social Worker,Peer Support Specialist",City Health Department,,2021,https://dbh.dc.gov/service/community-response-team,,,Gray,707109,,,"Washington, DC - Community Response Team (CRT)",38.90402613,-77.03017085
"Winston-Salem, NC",Behavioral Evaluation and Response Team (BEAR),North Carolina,BEAR,2078.0,10.0,2024.0,$700000,Mental Health,Clinician/Social Worker,City Fire/EMS Department,9-1-1 center-led,2023,https://www.cityofws.org/3400/Behavioral-Evaluation-Response-Team,,,Gray,205272,24/7,,"Winston-Salem, NC - Behavioral Evaluation and Response Team (BEAR)",36.10880243,-80.23767995
"Winston-Salem, NC",Behavioral Evaluation and Response Team (BEAR),North Carolina,BEAR,2078.0,10.0,2024.0,$700000,Substance Use,Clinician/Social Worker,City Fire/EMS Department,9-1-1 center-led,2023,https://www.cityofws.org/3400/Behavioral-Evaluation-Response-Team,,,Gray,205272,24/7,,"Winston-Salem, NC - Behavioral Evaluation and Response Team (BEAR)",36.10880243,-80.23767995
